ts,scenario_file,metrics_file,score_overall,clarity,feasibility,structure,actionability,alignment,notes,error
2025-08-28T04:10:25Z,scenario_026_output.txt,scenario_026_metrics.json,4,4,4,4,4,4,"Lloyd's response is well-structured and provides a clear, actionable plan to address the issue of inconsistent cocktails. The steps are feasible and align with the goal of improving guest experience. However, the response could benefit from more specific context about the venue and a more concise tone. Additionally, integrating digital solutions for recipe access and feedback could enhance the feasibility and modernity of the approach.",
2025-08-28T04:10:33Z,scenario_027_output.txt,scenario_027_metrics.json,3,3,4,3,3,3,"The response provides a practical approach to managing a banquet with batching strategies and setup tips. However, it lacks a detailed staffing plan and contingency measures, which are crucial for such events. The structure could be improved with more consistent formatting and clearer action steps. The dilution control advice is too specific without context, and pre-icing glasses may not be feasible in all venues. Overall, the response is moderately actionable but needs refinement for clarity an",
2025-08-28T04:10:40Z,scenario_028_output.txt,scenario_028_metrics.json,4,4,4,4,4,4,"The response is well-structured and provides clear, actionable strategies for integrating seasonal cocktails with a chef-driven menu. It aligns well with the culinary themes and operational considerations. However, it could benefit from more specific context about the venue and target audience, and a more concise presentation to avoid redundancy.",
2025-08-28T04:10:48Z,scenario_029_output.txt,scenario_029_metrics.json,3,3,3,3,3,3,"Lloyd's response provides a detailed strategy for optimizing bar service during concerts, focusing on setup and menu design. However, it lacks a staffing strategy and technology integration, which are crucial for feasibility. The structure is somewhat clear but could benefit from more concise bullet points and prioritization of actions. The recommendations are actionable but could be more aligned with venue-specific needs and guest experience considerations.",
2025-08-28T04:10:53Z,scenario_030_output.txt,scenario_030_metrics.json,4,4,3,4,4,4,"Lloyd's response is well-structured and provides actionable strategies for upselling. However, feasibility could be improved by addressing venue-specific constraints more thoroughly. Clarity is good, but could benefit from more concise bullet points. Overall, the response aligns well with the goal of training staff effectively.",
2025-08-28T13:24:59Z,scenario_031_output.txt,scenario_031_metrics.json,3,3,4,3,3,3,"Lloyd's response provides a detailed and practical approach to optimizing a bar layout for two bartenders, focusing on efficiency and minimizing movement. However, it lacks customization for specific venue constraints and does not address safety and ergonomic considerations. The structure could be improved with clearer prioritization and a more collaborative tone. The response is feasible but could benefit from more actionable steps and integration of technology solutions.",
2025-08-28T13:25:13Z,scenario_032_output.txt,scenario_032_metrics.json,4,4,4,5,4,4,"Lloyd's response is well-structured and provides a clear timeline for opening a bar, which is actionable and feasible. However, it could benefit from addressing potential contingencies and health protocols more explicitly. The tone is supportive, but the language could be more concise to enhance clarity. Overall, it aligns well with the goal of preparing for a bar opening.",
2025-08-28T13:25:21Z,scenario_033_output.txt,scenario_033_metrics.json,4,4,4,4,4,4,"Lloyd's response is well-structured and provides clear cocktail recipes with detailed preparation and cost notes. It aligns with the venue's high-touch approach and prioritizes distributor SKUs. However, it could benefit from more specific venue context and customer demographic information to tailor the recommendations further. Additionally, more detailed batching guidance and inventory management suggestions would enhance feasibility and actionability.",
2025-08-28T13:25:35Z,scenario_034_output.txt,scenario_034_metrics.json,4,4,5,4,4,4,"Lloyd's response is well-structured and provides a clear, feasible plan for implementing NA/low-ABV options. The response is mostly clear, though it could benefit from more concise language and bullet points for clarity. The feasibility is strong, with practical steps and considerations for cost and service. The structure is logical, but could be improved with more concise service notes. Actionability is good, with specific steps outlined, though some language could be more direct. Alignment wit",
2025-08-28T13:25:42Z,scenario_035_output.txt,scenario_035_metrics.json,4,4,4,4,4,4,"Lloyd's response is well-structured and provides a clear, actionable plan for standardizing signature drinks. The suggestions are feasible and align with the goal of improving consistency. However, the response could benefit from acknowledging specific venue challenges and using a more collaborative tone. Additionally, ensuring the advice is adaptable to different resource levels would enhance its applicability.",
2025-08-28T13:41:15Z,scenario_031_output.txt,scenario_031_metrics.json,4,4,4,4,4,4,"Lloyd's response is well-structured and provides actionable steps for optimizing a bar layout. It is clear and feasible, with a logical flow and practical advice. However, it could benefit from more customization options for different bar configurations and a mention of technology integration. The response aligns well with the prompt but could improve by addressing venue-specific details and ensuring compliance with local regulations for batching.",
2025-08-28T13:41:24Z,scenario_032_output.txt,scenario_032_metrics.json,4,4,4,5,4,4,"The response is well-structured and provides a clear timeline for bar preparation. It could improve by addressing potential issues like supply chain disruptions and health protocols. The plan is generally feasible but should consider venue-specific resources. Actionability is strong, though more role-specific guidance would enhance it. Overall, it aligns well with the goal of a smooth bar opening.",
2025-08-28T13:41:33Z,scenario_033_output.txt,scenario_033_metrics.json,4,4,4,4,4,4,"Lloyd's response is well-structured and provides clear cocktail recipes with detailed preparation and cost notes. The response aligns with the venue's high-touch, chef-driven approach. However, it lacks specific venue context and distributor relationship details, which could enhance alignment and feasibility. The suggestions for improvement in 'What Lloyd Should Have Done' are relevant and actionable, but the initial response could have been more precise in addressing these areas.",
2025-08-28T13:41:41Z,scenario_034_output.txt,scenario_034_metrics.json,4,4,5,4,4,4,"Lloyd's response is well-structured and provides clear, feasible steps for implementing NA/low-ABV options. The response could benefit from more concise bullet points and a stronger emphasis on market analysis and customer feedback. The pricing strategy is consistent, but the integration with existing menu items could be more detailed. Overall, it's a strong response with minor areas for improvement.",
2025-08-28T13:41:48Z,scenario_035_output.txt,scenario_035_metrics.json,4,4,4,4,4,4,"Lloyd's response is clear and provides a structured plan for standardizing signature drinks. The suggestions are feasible and actionable, though some assumptions about resources and technology availability could be clarified. The response aligns well with the goal of improving consistency, but could benefit from more tailored recommendations based on specific venue context and challenges.",
2025-08-28T13:41:56Z,scenario_036_output.txt,scenario_036_metrics.json,4,4,3,4,4,4,"Lloyd's response is generally clear and well-structured, providing actionable steps for streamlining operations. However, feasibility could be improved by considering budget constraints and offering more cost-effective solutions. The response aligns well with the goal of improving efficiency but could benefit from more specific contextual understanding and a collaborative tone.",
2025-08-28T13:42:05Z,scenario_037_output.txt,scenario_037_metrics.json,4,4,4,4,4,4,"Lloyd's response is well-structured and provides a clear, actionable plan for a corporate holiday event bar operation. The response is mostly aligned with the prompt, though it lacks specific venue context and audience demographics, which are noted in the 'What Lloyd Should Have Done' section. The suggestions for improvement are relevant and enhance the feasibility and clarity of the plan. Overall, the response is client-ready with minor adjustments needed for full alignment and context consider",
2025-08-28T13:42:14Z,scenario_038_output.txt,scenario_038_metrics.json,3,3,4,3,3,3,"Lloyd's response provides a solid foundation for a winter-themed cocktail menu with practical batching strategies. However, it lacks specific venue context and customer demographic insights, which are crucial for tailoring the menu effectively. The response could benefit from a more concise structure and clearer action steps. Additionally, addressing local regulations and inventory management would enhance feasibility and alignment with venue needs.",
2025-08-28T13:42:22Z,scenario_039_output.txt,scenario_039_metrics.json,4,4,4,4,4,4,"Lloyd's response is well-structured and provides actionable steps for managing service with limited staff. The focus on menu simplification and workflow efficiency is clear and feasible. However, it could benefit from addressing guest experience and staff training more explicitly. The suggestions for cost management and operational drills are practical, but the response could be more concise and prioritize immediate actions. The alignment with the scenario is good, but incorporating feedback mec",
2025-08-28T13:42:28Z,scenario_040_output.txt,scenario_040_metrics.json,4,4,4,4,4,4,"Lloyd's response is well-structured and provides a comprehensive strategy for designing a distributor-sponsored cocktail menu. It includes clear steps and considerations for theme integration, cost management, and guest engagement. However, it could benefit from more precise language and prioritization of steps. The feedback mechanism and legal compliance aspects are missing, and some engagement tactics may not be feasible for all venues. Overall, the response aligns well with the venue's identi",
2025-08-28T14:48:18+00:00,scenario_031_output.txt,scenario_031_metrics.json,4,4,4,4,4,4,"Lloyd's response is well-structured and provides actionable steps for optimizing a bar layout. It clearly outlines the layout strategy and includes a checklist for implementation. However, it lacks specific venue context and staff input, which could enhance feasibility and alignment. The response assumes certain equipment availability, which may not be applicable to all venues. Overall, it is a strong response but could benefit from more tailored advice and consideration of customer experience.",
2025-08-28T14:48:27+00:00,scenario_032_output.txt,scenario_032_metrics.json,4,4,4,5,4,4,"Lloyd's response is well-structured and provides a clear timeline for opening a bar. It is actionable and feasible, though it could benefit from more detailed guidance on inventory ordering and compliance with local regulations. The tone could be more collaborative, and ongoing training should be emphasized. Overall, it's a strong plan with room for minor improvements.",
2025-08-28T14:48:36+00:00,scenario_033_output.txt,scenario_033_metrics.json,4,4,5,4,4,4,"Lloyd's response is well-structured and provides feasible cocktail recipes that align with the venue's needs. Clarity could be improved by simplifying descriptions and instructions. The response is actionable but could benefit from more specific venue context and inventory management advice. Overall, it aligns well with the venue's high-touch, chef-driven approach.",
2025-08-28T14:48:49+00:00,scenario_034_output.txt,scenario_034_metrics.json,4,4,5,4,4,4,"Lloyd's response is well-structured and provides a feasible plan for integrating NA/low-ABV options. It includes clear recipes, pricing guidance, and rollout strategies. However, it could benefit from a brief market analysis and guest feedback mechanism. The pricing strategy and staff script should be more adaptable to the venue's specific context. Overall, it's a strong response with minor areas for improvement.",
2025-08-28T14:48:58+00:00,scenario_035_output.txt,scenario_035_metrics.json,4,4,4,4,4,4,"Lloyd's response is well-structured and provides a clear, feasible plan for standardizing signature drinks. The use of headings and subheadings aids clarity, and the steps are actionable. However, the response could benefit from more context about the venue and a more collaborative tone. Additionally, incorporating technology and addressing potential resistance could enhance the plan's effectiveness.",
2025-08-28T14:49:09+00:00,scenario_036_output.txt,scenario_036_metrics.json,3,4,3,3,3,3,"The response provides a clear and structured plan for streamlining pool bar operations, focusing on menu simplification and setup optimization. However, it lacks consideration for customer experience and technology integration, which are crucial for modern operations. The feasibility is moderate as it assumes availability of certain resources without alternatives. The structure could be improved with more concise bullet points and action-oriented language. Overall, it aligns with the goal but mi",
2025-08-28T14:49:25+00:00,scenario_037_output.txt,scenario_037_metrics.json,3,3,3,3,3,3,"Lloyd's response provides a general plan for a corporate holiday event bar operation, but lacks specific details such as venue context, guest count, and budget considerations, which are crucial for tailoring the recommendations. The response is structured but could benefit from more concise and clear bullet points. The feasibility of staffing and roaming staff suggestions is questionable without more context. Overall, the response is moderately actionable but needs refinement to be fully client-",
2025-08-28T14:49:40+00:00,scenario_038_output.txt,scenario_038_metrics.json,4,4,4,4,4,4,"Lloyd's response is well-structured and provides clear, actionable steps for creating a winter-themed cocktail menu. The focus on batching and simple execution is practical, and the operational notes are helpful. However, the response could benefit from a more detailed cost analysis and consideration of equipment availability. The suggestions for staff training and menu layout are strong, but additional engagement strategies could enhance customer interaction. Overall, the response aligns well w",
2025-08-28T14:49:48+00:00,scenario_039_output.txt,scenario_039_metrics.json,4,4,5,4,4,4,"Lloyd's response is well-structured and provides feasible solutions for managing service with limited staff. The clarity could be improved by using more bullet points for readability. The response is actionable but could benefit from addressing guest experience and staff training more explicitly. The alignment with the prompt is good, but including a contingency plan would enhance the response.",
2025-08-28T14:50:00+00:00,scenario_040_output.txt,scenario_040_metrics.json,4,4,4,4,4,4,"Lloyd's response is well-structured and provides a comprehensive strategy for designing a cocktail menu. It aligns with the venue's identity and distributor partnership, and includes actionable steps. However, it could benefit from more detailed cost analysis and a clearer plan for guest engagement tactics. The response is clear and feasible, but could improve with more specific examples and a feedback loop for continuous improvement.",
2025-08-28T14:50:09+00:00,scenario_041_output.txt,scenario_041_metrics.json,4,4,4,4,4,4,"Lloyd's response is well-structured and provides a clear plan for standardizing cocktail procedures and enhancing guest experience. The steps are actionable and feasible, though the response could benefit from more specific venue context and goals. The feedback section offers valuable improvements, such as inventory management and digital systems, but could be more concise. Overall, the response aligns well with the objective of rebuilding guest trust.",
2025-08-28T14:50:18+00:00,scenario_042_output.txt,scenario_042_metrics.json,4,4,4,4,4,4,"Lloyd's response is well-structured and provides actionable steps for controlling beverage costs. The clarity is good, though it could benefit from more concise language. The feasibility is strong, with practical suggestions like menu design and waste tracking. The alignment with the goal of maintaining a quality guest experience is clear. However, the response could be improved by integrating data-driven insights and considering guest feedback, as noted in the 'What Lloyd Should Have Done' sect",
2025-08-28T14:50:27+00:00,scenario_043_output.txt,scenario_043_metrics.json,4,4,4,5,4,4,"Lloyd's response is well-structured and provides a clear, actionable plan for creating a signature cocktail. It aligns with the hotel's brand identity and includes operational considerations. However, it could benefit from more emphasis on guest demographics and sustainability practices. The response is slightly lacking in addressing potential complexity in execution and balancing storytelling with service efficiency.",
2025-08-28T14:50:49+00:00,scenario_044_output.txt,scenario_044_metrics.json,4,4,4,4,4,4,"Lloyd's response is well-structured and provides actionable steps for compliance and training. However, it lacks specific venue context and a technology backup plan. The frequency of training might be excessive, and the scripting could be more flexible. Overall, it's a strong response with minor areas for improvement.",
2025-08-28T14:51:06+00:00,scenario_045_output.txt,scenario_045_metrics.json,3,3,3,4,3,3,"Lloyd's response is well-structured and provides a comprehensive approach to integrating POS and inventory systems. However, it lacks clarity on the specific venue context and may overreach with advanced technology suggestions without assessing client readiness. The action steps are clear but could benefit from a timeline and feedback loop. The response aligns with general goals but needs more tailored recommendations.",
2025-08-28T16:26:30+00:00,scenario_031_output.txt,scenario_031_metrics.json,4,4,4,4,4,4,"Lloyd's response is well-structured and provides actionable steps for optimizing a bar layout. It covers key areas like station mapping, reach zones, and collision controls effectively. However, it could benefit from including staff training and safety measures, as well as a more collaborative tone. The response is mostly aligned with the prompt but could be improved by considering venue-specific needs and bartender preferences.",
2025-08-28T16:26:37+00:00,scenario_032_output.txt,scenario_032_metrics.json,4,4,4,5,4,4,"Lloyd's response is well-structured and provides a clear timeline for opening a bar. It is actionable and feasible, though it could benefit from more detailed risk assessments and regulatory compliance checks. The response aligns well with the goal but could improve by tailoring training to individual staff skill levels and incorporating customer service training.",
2025-08-28T16:26:47+00:00,scenario_033_output.txt,scenario_033_metrics.json,4,4,4,4,4,4,"Lloyd's response is well-structured and provides clear cocktail recipes with detailed preparation and cost notes. It aligns with the venue's high-touch approach and prioritizes distributor SKUs. However, it could benefit from a brief introduction to set context, a rationale for cocktail choices, and a more consultative tone. The suggestions for improvement in 'What Lloyd Should Have Done' are valid and would enhance the response's effectiveness.",
2025-08-28T16:26:58+00:00,scenario_034_output.txt,scenario_034_metrics.json,4,4,4,4,4,4,"Lloyd's response is well-structured and provides actionable steps for implementing NA/low-ABV options. It includes detailed drink recipes, pricing guidance, and staff training suggestions. However, it could benefit from a brief market analysis and customer feedback mechanisms. The response assumes certain cost and service speed improvements without venue-specific insights, which could be risky. Overall, it's a strong proposal with minor areas for enhancement.",
2025-08-28T16:27:05+00:00,scenario_035_output.txt,scenario_035_metrics.json,4,4,4,4,4,4,"Lloyd's response is well-structured and provides clear, actionable steps to address the issue of inconsistency in signature drinks. The plan is feasible and aligns with the goal of improving guest experience without additional staffing. However, it could benefit from more context about the venue and team dynamics to ensure the solutions are tailored effectively. The tone is professional, but a more collaborative approach could enhance team engagement. Overall, it's a strong response with minor a",
2025-08-28T16:27:14+00:00,scenario_036_output.txt,scenario_036_metrics.json,3,3,4,3,3,3,"The response provides a practical plan for streamlining operations but lacks clarity in some areas, such as the definition of 'heat-resistant' ingredients. The structure could be improved by prioritizing actions and using more precise language. The actionability is moderate, as some recommendations need more detail, particularly regarding legal considerations for pre-batching. Alignment with the venue's needs could be enhanced by addressing customer experience and feedback mechanisms.",
2025-08-28T16:27:24+00:00,scenario_037_output.txt,scenario_037_metrics.json,3,3,3,3,3,3,"The response provides a solid plan for a corporate holiday event bar operation, but lacks specific details about the venue and guest demographics, which are crucial for tailoring the recommendations. The structure is generally clear, but could benefit from more concise bullet points and a more formal tone. The feasibility of the batching strategy and staffing recommendations could be improved by considering a range based on guest count and acknowledging that not all cocktails can be pre-batched.",
2025-08-28T16:27:32+00:00,scenario_038_output.txt,scenario_038_metrics.json,4,4,5,4,4,4,"Lloyd's response is well-structured and feasible, focusing on batching and simple execution. Clarity could be improved by addressing the target audience and ingredient sourcing. The structure is mostly consistent, but could benefit from more uniformity. Actionability is strong, though some language could be more direct. Overall, the response aligns well with the goal of creating a cozy, profitable cocktail menu.",
2025-08-28T16:27:42+00:00,scenario_039_output.txt,scenario_039_metrics.json,4,4,4,4,4,4,"Lloyd's response is well-structured and provides actionable steps for managing service with limited staff. The suggestions are feasible and align with the goal of maintaining efficiency and margins. However, it could benefit from addressing guest experience and staff training more explicitly, as well as considering venues with limited resources. The response is clear but could be more concise in some areas.",
2025-08-28T16:27:50+00:00,scenario_040_output.txt,scenario_040_metrics.json,4,4,4,4,4,4,"Lloyd's response is well-structured and provides a comprehensive strategy for designing a distributor-sponsored cocktail menu. The clarity is good, though it could benefit from more concise language and bullet points for readability. The feasibility is strong, with practical steps outlined, but could include more specific details on distributor collaboration and inventory management. The structure is logical, with clear sections and a summary checklist. The actionability is high, with actionable",
2025-08-28T16:28:01+00:00,scenario_041_output.txt,scenario_041_metrics.json,4,4,4,4,4,4,"Lloyd's response is well-structured and provides a clear, actionable plan for improving cocktail consistency and guest trust. The steps are feasible and align with the goal of enhancing the guest experience. However, the response could benefit from more specific venue context and defined metrics for success to ensure alignment with operational capabilities. Additionally, incorporating digital solutions and assigning accountability could further strengthen the plan.",
2025-08-28T16:28:11+00:00,scenario_042_output.txt,scenario_042_metrics.json,4,4,4,4,4,4,"Lloyd's response is well-structured and provides actionable strategies for controlling beverage costs. The use of bullet points enhances clarity, and the suggestions are feasible and aligned with the goal of maintaining a quality guest experience. However, the response could benefit from incorporating data-driven insights and supplier negotiations, as noted in the 'What Lloyd Should Have Done' section. Additionally, caution is advised in batching and portion control to avoid negative customer pe",
2025-08-28T16:28:19+00:00,scenario_043_output.txt,scenario_043_metrics.json,4,4,3,4,4,4,"Lloyd's response is well-structured and aligns with the goal of creating a signature cocktail. It provides clear steps and emphasizes brand alignment. However, it could improve feasibility by considering budget constraints and offering scalable options. Including guest feedback mechanisms and addressing dietary preferences would enhance actionability and completeness.",
2025-08-28T16:28:28+00:00,scenario_044_output.txt,scenario_044_metrics.json,4,4,4,4,4,4,"Lloyd's response is well-structured and provides a comprehensive approach to compliance and training for alcohol service. It includes clear systems and training methods, but could benefit from more venue-specific details and a clearer definition of 'peak events.' The suggestion for biannual training might be excessive, and the scripts could allow for more flexibility. Overall, the response is actionable and aligns well with the goal of reducing liability risks.",
2025-08-28T16:28:38+00:00,scenario_045_output.txt,scenario_045_metrics.json,3,3,3,4,3,3,"Lloyd's response is well-structured and provides a comprehensive approach to integrating POS and inventory systems. However, it lacks specific context and may overreach with advanced solutions like machine learning without assessing client readiness. The response could benefit from more client-specific language and a phased implementation plan.",
2025-08-28T16:28:47+00:00,scenario_046_output.txt,scenario_046_metrics.json,4,4,4,4,4,4,"Lloyd's response is well-structured and covers key compliance and operational strategies for a temporary gallery pop-up bar. It is clear and actionable, though it could benefit from addressing emergency protocols, local law variances, and insurance requirements. Simplifying the POS system recommendations and enhancing the feedback loop would improve feasibility. The tone and structure are mostly effective, but further conciseness and clarity could enhance understanding for all staff levels.",
2025-08-28T16:28:55+00:00,scenario_047_output.txt,scenario_047_metrics.json,4,4,4,4,4,4,"Lloyd's response is well-structured and provides actionable steps for integrating bar program updates with digital systems. The clarity is good, though it could benefit from more concise language. The feasibility is realistic, but the addition of integration testing and a guest feedback mechanism would enhance the plan. The structure is logical, and the actionability is strong, with clear steps outlined. The alignment with the prompt is consistent, though some suggestions in the 'What Lloyd Shou",
2025-08-28T16:29:02+00:00,scenario_048_output.txt,scenario_048_metrics.json,4,4,4,4,4,4,"Lloyd's response is well-structured and provides a comprehensive plan for optimizing a bar layout. It includes clear roles, traffic management, and a build path, which are actionable and feasible. However, it lacks specific venue context and staff training considerations, which are noted in the 'What Lloyd Should Have Done' section. The response could benefit from more concise language and a stronger focus on customer experience and staff feedback mechanisms.",
2025-08-28T16:29:12+00:00,scenario_049_output.txt,scenario_049_metrics.json,4,4,4,4,4,4,"Lloyd's response is well-structured and provides actionable strategies for sustainable cocktail practices. It is clear and feasible, though it could benefit from more emphasis on data-driven decisions and guest feedback. The response aligns well with the goal of reducing waste while protecting margins.",
2025-08-28T16:29:20+00:00,scenario_050_output.txt,scenario_050_metrics.json,4,4,4,4,4,4,"Lloyd's response is well-structured and provides actionable strategies for aligning a cocktail menu with distributor portfolios. The response is clear and feasible, with a good balance between financial objectives and guest experience. However, it could benefit from more emphasis on guest feedback integration and competitive analysis. The suggestions for simplifying financial tracking and avoiding excessive SKU rationalization are valuable. Overall, the response is client-ready with minor improv",
2025-08-28T18:11:20+00:00,scenario_051_output.txt,scenario_051_metrics.json,4,4,4,4,4,4,"Lloyd's response is well-structured and provides clear, actionable steps for designing a sustainable fall cocktail menu. It effectively balances sustainability, guest experience, and cost management. However, it could benefit from including market analysis and supplier partnerships to ensure alignment with local trends and ingredient availability. The response is mostly concise, but could improve in clarity by simplifying some sections and ensuring all points are directly actionable.",
2025-08-28T18:11:28+00:00,scenario_052_output.txt,scenario_052_metrics.json,4,4,5,4,4,4,"Lloyd's response is well-structured and covers key compliance and operational areas for a mobile bar service. It is actionable and feasible, with clear steps outlined. However, it could benefit from more concise bullet points and prioritization of tasks. The response aligns well with the prompt but lacks specific venue context and local regulation details. The suggestion to avoid specific insurance advice is valid, and the addition of a compliance calendar and feedback loop would enhance the res",
2025-08-28T18:11:36+00:00,scenario_053_output.txt,scenario_053_metrics.json,4,4,4,4,4,4,"Lloyd's response is well-structured and provides a clear, actionable plan for optimizing poolside bar stations. The use of sections and bullet points aids clarity and readability. The response is feasible and aligns with the goal of improving service efficiency. However, it could benefit from incorporating guest experience strategies and staff training protocols, as noted in the 'What Lloyd Should Have Done' section. Simplifying the complexity of reach zones and providing a flexible approach to ",
2025-08-28T18:11:46+00:00,scenario_054_output.txt,scenario_054_metrics.json,4,4,5,4,4,4,"Lloyd's response is well-structured and feasible, providing clear steps for integrating the new gin. However, it could benefit from more direct guest engagement strategies and performance metrics. The structure is mostly clear, but could be more concise in some areas.",
2025-08-28T18:11:53+00:00,scenario_055_output.txt,scenario_055_metrics.json,4,4,4,4,4,4,"Lloyd's response is well-structured and provides clear, feasible strategies for waste reduction in a bar setting. The suggestions are actionable and align with general sustainability goals. However, the response could benefit from more specific context about the venue type and a cost analysis to strengthen the business case. Additionally, prioritizing initiatives and using more inclusive language could enhance engagement and implementation.",
2025-08-29T16:35:58+00:00,scenario_051_output_no01.txt,scenario_051_metrics_no01.json,4,4,5,4,4,4,"Lloyd's response is well-structured and provides feasible strategies for creating a sustainable fall cocktail menu. It clearly outlines sustainable practices, cost management, and operational efficiency. However, it could benefit from more precise language and actionable steps. The addition of market analysis and feedback mechanisms would enhance alignment with consumer preferences. The structure is mostly consistent, but some sections could be more concise.",
2025-08-29T16:36:09+00:00,scenario_052_output_no01.txt,scenario_052_metrics_no01.json,4,4,5,4,4,4,"Lloyd's response is well-structured and covers essential compliance and operational steps for a mobile bar service. It is clear and actionable, though it could benefit from more concise bullet points and prioritization of tasks. The addition of local regulations and supplier coordination would enhance alignment with client needs. The suggestion to avoid specific insurance details is appropriate, but the response could be more concise and use more direct language as suggested in the 'What Lloyd S",
2025-08-29T16:36:16+00:00,scenario_053_output_no01.txt,scenario_053_metrics_no01.json,4,4,4,4,4,4,"Lloyd's response is well-structured and provides clear, actionable steps for optimizing poolside bar stations. The use of bullet points enhances clarity, and the recommendations are feasible. However, the response could benefit from addressing guest experience and staff training more explicitly. The complexity of the setup might overwhelm staff, and simplifying some elements could improve feasibility. Overall, the response aligns well with the prompt but could be improved with additional focus o",
2025-08-29T16:36:27+00:00,scenario_054_output_no01.txt,scenario_054_metrics_no01.json,4,4,4,4,4,4,"Lloyd's response is well-structured and provides actionable steps for integrating the new gin into the bar program. It effectively balances the need to feature the gin with operational considerations. However, it could benefit from more emphasis on guest engagement and feedback mechanisms. The response is clear and feasible, but could be more concise and prioritize actions more explicitly.",
2025-08-29T16:36:39+00:00,scenario_055_output_no01.txt,scenario_055_metrics_no01.json,4,4,4,4,4,4,"Lloyd's response is well-structured and provides actionable strategies for waste reduction in a bar setting. The use of bullet points enhances clarity, and the suggestions are feasible and aligned with the goal of maintaining efficiency. However, the response could benefit from including data-driven insights and a cost analysis to strengthen the recommendations. Additionally, the feedback loop and inventory management suggestions in the 'What Lloyd Should Have Done' section are valuable and coul",
2025-08-29T16:36:47+00:00,scenario_056_output.txt,scenario_056_metrics.json,4,4,4,4,4,4,"Lloyd's response is well-structured and provides actionable strategies for improving cocktail program profitability. The suggestions are feasible and align with the goal of maintaining guest satisfaction. However, the response could benefit from including a guest feedback mechanism and considering seasonal adjustments. Additionally, the tone could be more empathetic towards staff concerns, and the structure could be slightly more concise for better readability.",
2025-08-29T16:36:56+00:00,scenario_057_output.txt,scenario_057_metrics.json,3,4,3,3,3,3,"Lloyd's response is clear and provides a structured approach to reducing waste in bar operations. However, it lacks data-driven insights and customer engagement strategies, which are crucial for demonstrating impact and enhancing brand image. The feasibility of some suggestions, like batching, may not be applicable to all bars, and the response could benefit from prioritizing actions based on impact and ease of implementation. Additionally, the response could be more actionable with specific tec",
2025-08-29T16:37:05+00:00,scenario_058_output.txt,scenario_058_metrics.json,4,4,4,4,4,4,"Lloyd's response is well-structured and covers essential compliance steps for launching a patio bar. It is clear and actionable, with a focus on licensing, signage, staff training, and batching rules. The shift-opening checklist is practical. However, it could benefit from addressing weather contingencies, noise ordinances, and capacity management. Simplifying batching guidelines and incorporating digital solutions for compliance tracking and inventory management would enhance feasibility. The t",
2025-08-29T16:37:15+00:00,scenario_059_output.txt,scenario_059_metrics.json,4,4,4,4,4,4,"Lloyd's response is well-structured and provides actionable steps for integrating Breakthru's portfolio. However, it lacks specific venue context and could benefit from more tailored financial metrics. The response is clear but could simplify language further to avoid jargon. Overall, it aligns well with the goal of maintaining a premium guest experience while meeting portfolio targets.",
2025-08-29T16:37:26+00:00,scenario_060_output.txt,scenario_060_metrics.json,4,4,5,4,4,4,"Lloyd's response is well-structured and feasible, providing a detailed plan for efficient pop-up bar operations. Clarity is good, but could be improved with more concise bullet points. Actionability is high, though some elements like customer engagement and feedback loops are missing. Alignment with the prompt is strong, but could benefit from addressing health and safety protocols.",
2025-08-29T17:21:04+00:00,scenario_026_output_no01.txt,scenario_026_metrics_no01.json,4,4,4,4,4,4,"Lloyd's response is well-structured and provides a clear, feasible plan for addressing the issue of inconsistent cocktails. The steps are actionable and align with the goal of improving guest experience. However, the response could benefit from more concise language and a stronger emphasis on empathy towards guests. The suggestions for what Lloyd should have done are insightful but could be integrated more seamlessly into the main response.",
2025-08-29T17:21:12+00:00,scenario_027_output_no01.txt,scenario_027_metrics_no01.json,4,4,4,4,4,4,"Lloyd's response is well-structured and provides a clear, actionable plan for preparing a banquet with limited resources. The use of bullet points enhances readability, and the focus on batching and streamlined prep is practical. However, it could benefit from addressing guest preferences and including non-alcoholic options. The suggestion to avoid complex cocktails is valid, and the inclusion of an inventory checklist and feedback loop would strengthen the process. Overall, the response aligns ",
2025-08-29T17:21:20+00:00,scenario_028_output_no01.txt,scenario_028_metrics_no01.json,4,4,4,4,4,4,"Lloyd's response is well-structured and provides clear strategies for integrating seasonal cocktails with a chef-driven menu. It includes actionable steps and a checklist for implementation. However, it could benefit from a stronger focus on guest experience and cost analysis. The response assumes certain resources and capabilities without assessing the venue's current state, which could affect feasibility. Overall, it aligns well with the prompt but could be improved with more emphasis on feedb",
2025-08-29T17:21:29+00:00,scenario_029_output_no01.txt,scenario_029_metrics_no01.json,4,4,4,4,4,4,"Lloyd's response is well-structured and provides clear, actionable recommendations for optimizing bar setup and menu for speed during concerts. The response is feasible and aligns with the goal of improving service speed while maintaining profitability. However, it could benefit from specific examples of cocktails and addressing potential challenges with pre-batching. Additionally, the tone could be more collaborative, and the response could include a brief introduction and conclusion to better ",
2025-08-29T17:21:37+00:00,scenario_030_output_no01.txt,scenario_030_metrics_no01.json,4,4,4,4,4,4,"Lloyd's response is well-structured and provides actionable steps for training staff in upselling. The clarity is good, though it could benefit from more specific examples tailored to different venue types. The feasibility is strong, with practical suggestions like role-playing and tasting sessions. The alignment with the goal of enhancing upselling skills is clear, but could be improved by addressing individual staff differences more explicitly. Overall, it's a solid response with room for mino",
2025-08-29T17:21:45+00:00,scenario_031_output_no01.txt,scenario_031_metrics_no01.json,4,4,4,4,4,4,"Lloyd's response is well-structured and provides actionable steps for optimizing bar operations. It clearly outlines roles, traffic flow, and setup, but could benefit from including staff training and feedback mechanisms. The throughput target may need adjustment based on venue specifics. Overall, it's a practical guide with room for minor improvements.",
2025-08-29T17:21:53+00:00,scenario_036_output_no01.txt,scenario_036_metrics_no01.json,4,4,4,4,4,4,"Lloyd's response is well-structured and provides actionable strategies for improving service at a pool bar. The suggestions are clear and feasible, though some additional considerations like staff training and customer feedback could enhance the plan. The response aligns well with the venue's needs, but could benefit from more concise bullet points and prioritization of actions.",
2025-08-29T17:22:05+00:00,scenario_037_output_no01.txt,scenario_037_metrics_no01.json,4,4,5,4,4,4,"Lloyd's response is well-structured and feasible, providing a clear plan for a corporate event. The menu design and batching strategy are practical, and the staffing flow is logical. However, the response could improve clarity by simplifying the service flow and using more direct language. Including guest preferences and a backup plan would enhance alignment with client needs. The structure is mostly consistent, but some sections could benefit from more uniform formatting.",
2025-08-29T17:22:16+00:00,scenario_038_output_no01.txt,scenario_038_metrics_no01.json,4,4,5,4,4,4,"Lloyd's response is well-structured and feasible, focusing on batching and simplicity. Clarity could be improved by addressing missing venue context and customer demographics. The structure is mostly clear but could benefit from more concise bullet points. Actionability is strong, though more direct language could enhance it. Alignment with the prompt is good, but additional context would improve it.",
2025-08-29T17:22:23+00:00,scenario_045_output_no01.txt,scenario_045_metrics_no01.json,4,4,4,4,4,4,"Lloyd's response is clear and well-structured, providing actionable steps for leveraging POS and inventory tech. It covers system integration, accuracy improvement, and forecasting enhancement effectively. However, it could benefit from addressing venue-specific customization and training/support plans. The suggestion for predictive ordering might be too complex initially, and a phased implementation approach could be more feasible. Overall, the response aligns well with the prompt but could be ",
2025-08-29T17:22:35+00:00,scenario_051_output_no02.txt,scenario_051_metrics_no02.json,4,4,4,4,4,4,"Lloyd's response is well-structured and covers key aspects of designing a sustainable fall cocktail menu. It provides clear strategies and examples, making it actionable. However, it could benefit from integrating guest feedback and supplier collaboration more explicitly. The response maintains a good balance between sustainability, guest experience, and cost management, but could improve clarity with more bullet points and direct action verbs as suggested in the 'What Lloyd Should Have Done' se",
2025-08-29T17:22:44+00:00,scenario_052_output_no02.txt,scenario_052_metrics_no02.json,4,4,4,4,4,4,"Lloyd's response is well-structured and covers key compliance areas for a mobile bar service. It provides clear steps and an action checklist, making it actionable. However, it could benefit from more specific venue context and local regulation details. The suggestion to avoid specific insurance advice is valid. The response is concise but could use more direct language and prioritization of critical areas.",
2025-08-29T17:22:52+00:00,scenario_053_output_no02.txt,scenario_053_metrics_no02.json,4,4,5,4,4,4,"Lloyd's response is well-structured and provides a detailed plan for optimizing poolside bar stations. It is clear and feasible, with actionable steps. However, it could benefit from a stronger focus on guest experience and staff training. Simplifying some sections and merging redundant parts would enhance clarity and structure. The response aligns well with the prompt but could include more on digital tools and feedback systems for continuous improvement.",
2025-08-29T17:23:02+00:00,scenario_054_output_no02.txt,scenario_054_metrics_no02.json,3,3,4,3,3,3,"The response provides a feasible strategy for integrating the new gin but lacks specific venue context and performance metrics. The structure could be improved with clearer headings and more concise language. Actionability is moderate, with some suggestions needing more direct language. Overall alignment with the prompt is adequate but could benefit from more tailored advice based on venue specifics.",
2025-08-29T17:23:11+00:00,scenario_055_output_no02.txt,scenario_055_metrics_no02.json,4,4,4,4,4,4,"Lloyd's response is well-structured and provides actionable strategies for waste reduction in a bar setting. The suggestions are clear and feasible, though the inclusion of data-driven insights and feedback mechanisms could enhance the response. The structure is logical, but further segmentation and more directive language could improve clarity and actionability. Overall, the response aligns well with the prompt's requirements.",
2025-08-29T17:23:22+00:00,scenario_056_output_no01.txt,scenario_056_metrics_no01.json,4,4,4,4,4,4,"Lloyd's response is well-structured and provides actionable strategies for improving cocktail program profitability. It covers ingredient optimization, batching, menu adjustments, and financial analysis effectively. However, it could benefit from including guest feedback mechanisms, seasonal adjustments, and sustainability practices. The response maintains a good balance between cost-saving and quality assurance but could enhance empathy and focus on guest experience.",
2025-08-29T17:23:29+00:00,scenario_057_output_no01.txt,scenario_057_metrics_no01.json,3,4,3,3,3,3,"The response is clear and provides actionable steps, but lacks specific metrics for tracking progress and a cost analysis. The structure could be improved with more concise bullet points and prioritization. Some assumptions about supplier control and ingredient cross-utilization may not be feasible.",
2025-08-29T17:23:37+00:00,scenario_058_output_no01.txt,scenario_058_metrics_no01.json,4,4,4,4,4,4,"Lloyd's response is well-structured and covers essential compliance steps for launching a patio bar. The use of headings and bullet points aids clarity and readability. The feasibility of the steps is reasonable, though some simplification in batching guidelines could enhance practicality. The response aligns well with the prompt, but could benefit from addressing additional considerations like weather and noise management. Overall, it's a strong, actionable plan with room for minor improvements",
2025-08-29T17:23:46+00:00,scenario_059_output_no01.txt,scenario_059_metrics_no01.json,4,4,4,4,4,4,"Lloyd's response is well-structured and covers key areas such as financial impact, supplier integration, and operational processes. It provides actionable steps and maintains alignment with the goal of integrating Breakthruâ€™s portfolio. However, it could benefit from more emphasis on guest feedback mechanisms and a balanced approach with other suppliers. Simplifying some processes and ensuring clarity in training materials would enhance feasibility and clarity.",
2025-08-29T17:23:53+00:00,scenario_060_output_no01.txt,scenario_060_metrics_no01.json,4,4,4,4,4,4,"Lloyd's response is well-structured and covers key operational aspects for a pop-up bar. It is clear and actionable, though it could benefit from addressing customer experience and staff training. The backup plans are practical, but the layout instructions might be too specific for all venues. Overall, it's a strong plan with room for minor improvements.",
2025-09-01T15:45:22+00:00,scenario_026_output_no02.txt,scenario_026_metrics_no02.json,4,4,4,4,4,4,"Lloyd's response is well-structured and provides a clear plan for addressing the issue of inconsistent cocktails. The steps are feasible and actionable, focusing on standardization, training, and guest engagement. However, the response could benefit from more specific context about the venue and guest complaints to tailor the solutions more effectively. Additionally, the tone could be more empathetic, and the response could include a phased implementation plan to ensure feasibility across differ",
2025-09-01T15:45:30+00:00,scenario_027_output_no02.txt,scenario_027_metrics_no02.json,4,4,4,4,4,4,"Lloyd's response is well-structured and provides a clear plan for efficiently managing a banquet with limited resources. The batching strategy and prep essentials are practical and feasible. However, the response could improve by addressing guest preferences, non-alcoholic options, and glassware management. The suggestion for a mock service might be impractical with limited time, and pre-dilution guidance should consider taste impact. Overall, the response aligns well with the prompt but could b",
2025-09-01T15:45:37+00:00,scenario_028_output_no02.txt,scenario_028_metrics_no02.json,4,4,4,4,4,4,"Lloyd's response is well-structured and provides clear, actionable strategies for integrating seasonal cocktails with a chef-driven menu. The response aligns with the venue's needs and offers feasible solutions. However, it could benefit from a stronger focus on guest experience, cost management, and sustainability practices. Additionally, the response should ensure that the bar team's capabilities are considered when suggesting culinary techniques. Overall, the response is client-ready with min",
2025-09-01T15:45:48+00:00,scenario_029_output_no02.txt,scenario_029_metrics_no02.json,4,4,4,4,4,4,"Lloyd's response is well-structured and provides actionable recommendations for optimizing bar setup and menu for speed during concerts. The response is clear and feasible, with practical suggestions like pre-batching cocktails and creating efficient bar layouts. However, it could benefit from including specific examples or case studies to enhance credibility. Additionally, addressing potential challenges and providing a timeline for implementation would improve the response. The tone is profess",
2025-09-01T15:45:54+00:00,scenario_030_output_no02.txt,scenario_030_metrics_no02.json,4,4,5,4,4,4,"Lloyd's response is well-structured and provides a clear, feasible plan for training staff in upselling techniques. The response is mostly clear, though it could benefit from more concise language in some areas. The action steps are practical and align well with the goal of enhancing upselling without being pushy. The addition of a guest-centric approach and feedback loop in the 'What Lloyd Should Have Done' section is valuable, though the initial response already covers most necessary aspects e",
2025-09-01T15:46:04+00:00,scenario_031_output_no02.txt,scenario_031_metrics_no02.json,4,4,4,5,4,4,"Lloyd's response is well-structured and provides clear, actionable steps for optimizing bar operations. The use of headings and subheadings enhances readability. However, the response could benefit from including examples or case studies to illustrate the effectiveness of the strategies. Additionally, addressing potential staff resistance and providing a feedback mechanism would improve feasibility and alignment. The throughput target may be ambitious without considering specific venue constrain",
2025-09-01T15:46:09+00:00,scenario_036_output_no02.txt,scenario_036_metrics_no02.json,4,4,5,4,4,4,"Lloyd's response is well-structured and provides feasible solutions for improving service at a pool bar. The clarity is good, but could be enhanced with more concise bullet points. The actionability is strong, though the addition of staff training and technology integration would improve it. The alignment with the venue context is appropriate, but the tone could be slightly more formal to better suit a professional audience.",
2025-09-01T15:46:17+00:00,scenario_037_output_no02.txt,scenario_037_metrics_no02.json,4,4,4,4,4,4,"Lloyd's response is well-structured and provides a clear plan for a corporate holiday event. The menu design, batching strategy, and staffing flow are feasible and actionable. However, it could benefit from addressing guest preferences and having a backup plan. The staffing ratio might need adjustment, and the service flow could be simplified. Overall, the response aligns well with the prompt but could be improved with more detailed inventory management and contingency planning.",
2025-09-01T15:46:25+00:00,scenario_038_output_no02.txt,scenario_038_metrics_no02.json,4,4,4,4,4,4,"Lloyd's response is well-structured and provides a clear plan for a winter-themed cocktail menu. It includes specific recipes, batching strategies, and operational notes, which are actionable and feasible. However, it lacks venue context and audience consideration, which are crucial for alignment. The response could benefit from more concise language and a slightly more focused menu to enhance clarity and efficiency.",
2025-09-01T15:46:33+00:00,scenario_045_output_no02.txt,scenario_045_metrics_no02.json,3,3,3,3,3,3,"Lloyd's response provides a solid foundation for leveraging POS and inventory tech but lacks specific contextual details and considerations for varying venue capabilities. The structure is clear but could benefit from more concise bullet points. Actionability is moderate, with room for more direct guidance. Alignment with potential client needs is average, as it doesn't fully address training, vendor selection, or phased implementation strategies.",
2025-09-01T15:46:40+00:00,scenario_051_output_no03.txt,scenario_051_metrics_no03.json,4,4,4,4,4,4,"Lloyd's response is well-structured and provides actionable strategies for creating a sustainable and exciting fall cocktail menu. The use of bullet points enhances clarity, and the suggestions are feasible for most venues. However, the response could benefit from a brief market analysis and a system for guest feedback to ensure the menu remains competitive and appealing. Additionally, simplifying ingredient suggestions could increase applicability across different venues.",
2025-09-01T15:46:46+00:00,scenario_052_output_no03.txt,scenario_052_metrics_no03.json,4,4,4,4,4,4,"Lloyd's response is well-structured and covers key areas for compliance and operational readiness. It provides actionable steps and is mostly clear, though it could benefit from more specific guidance on sanitation standards and insurance details. The inclusion of risk assessment and technology integration would enhance feasibility. The tone is appropriate, but more concise bullet points could improve readability. Overall, it aligns well with the client's needs but could incorporate additional r",
2025-09-01T15:46:53+00:00,scenario_053_output_no03.txt,scenario_053_metrics_no03.json,4,4,4,4,4,4,"Lloyd's response is well-structured and provides clear, actionable steps for optimizing poolside bar stations. The use of bullet points enhances readability, and the suggestions are feasible. However, it could benefit from including strategies for guest interaction and a feedback mechanism for continuous improvement. Simplifying equipment placement details and incorporating staff training plans would also enhance the response. Overall, it aligns well with the goal of improving service efficiency",
2025-09-01T15:46:58+00:00,scenario_054_output_no03.txt,scenario_054_metrics_no03.json,4,4,5,4,4,4,"Lloyd's response is well-structured and provides feasible, actionable steps for integrating the new gin into the bar program. The clarity could be improved by specifying the venue context and target audience. The structure is generally good, but a more consultative tone and clearer headings could enhance readability. The response aligns well with the goal of supporting distributor relationships while managing resources effectively.",
2025-09-01T15:47:05+00:00,scenario_055_output_no03.txt,scenario_055_metrics_no03.json,4,4,4,4,4,4,"Lloyd's response is well-structured and provides actionable strategies for waste reduction in a bar setting. The suggestions are feasible and align with the goal of maintaining efficiency during peak hours. However, the response could benefit from more specific examples and a phased implementation plan to enhance clarity and actionability. Additionally, addressing potential challenges and tailoring advice to different venue sizes would improve feasibility and alignment.",
2025-09-01T15:47:14+00:00,scenario_056_output_no02.txt,scenario_056_metrics_no02.json,4,4,4,4,4,4,"Lloyd's response is well-structured and provides actionable strategies for improving cocktail program profitability. The suggestions are clear and feasible, with a focus on ingredient optimization, batching, and menu adjustments. However, the response could benefit from incorporating a guest feedback loop and addressing seasonal adjustments. The tone is positive, but could be more concise and prioritize high-impact changes. Overall, it aligns well with the goal of maintaining guest satisfaction ",
2025-09-01T15:47:21+00:00,scenario_057_output_no02.txt,scenario_057_metrics_no02.json,3,4,3,4,3,3,"Lloyd's response is well-structured and clear, with actionable steps for reducing waste in bar operations. However, it lacks data-driven insights and guest engagement strategies, which are crucial for comprehensive waste reduction. The feasibility of supplier changes and batching assumptions may not apply to all venues, and these should be addressed. The response aligns with the goal of reducing waste but could benefit from more specific metrics and a feedback loop for continuous improvement.",
2025-09-01T15:47:30+00:00,scenario_058_output_no02.txt,scenario_058_metrics_no02.json,4,4,4,4,4,4,"Lloyd's response is well-structured and covers essential compliance steps for launching a patio bar. The use of bullet points enhances clarity and readability. The response is actionable, with clear steps and a checklist for shift-opening. However, it could benefit from more concise language and prioritization of steps. The feedback section provides useful insights but could be more integrated into the main response for better alignment. Overall, it's a strong, client-ready response with minor a",
2025-09-01T15:47:40+00:00,scenario_059_output_no02.txt,scenario_059_metrics_no02.json,3,3,3,3,3,3,"The response provides a structured plan with clear sections, but lacks specific venue context and assumes full control over inventory and supplier relationships. It could benefit from more concise bullet points and a balanced tone that considers both business and guest experience. Suggestions for data-driven decisions and risk management are missing, which would enhance feasibility and actionability.",
2025-09-01T15:47:49+00:00,scenario_060_output_no02.txt,scenario_060_metrics_no02.json,4,4,5,4,4,4,"Lloyd's response is well-structured and feasible, providing a detailed plan for efficient pop-up bar operations. Clarity is good, though some sections could benefit from more concise bullet points. The plan is actionable but could include more on customer flow management and staff training. Alignment with the pop-up bar context is strong, but simplifying roles and backup plans could enhance practicality.",
2025-09-01T15:58:02+00:00,scenario_026_output_no03.txt,scenario_026_metrics_no03.json,4,4,4,4,4,4,"Lloyd's response is well-structured and provides a clear plan for addressing the issue of inconsistent cocktails. The steps are feasible and actionable, focusing on standardization, training, and guest engagement. However, the response could benefit from more specific details on implementing guest feedback mechanisms and staff accountability. Additionally, caution is advised regarding complimentary offers and social media communication to avoid over-promising. Overall, the response aligns well w",
2025-09-01T15:58:09+00:00,scenario_027_output_no03.txt,scenario_027_metrics_no03.json,4,4,4,4,4,4,"Lloyd's response is well-structured and provides a clear plan for efficiently managing a banquet with limited resources. The batching strategy and prep essentials are practical and feasible. However, the response could improve by addressing guest preferences, non-alcoholic options, and allergy considerations. The suggestion for a more comprehensive mock service and inventory management is valuable. Consistent use of bullet points and imperative language enhances clarity and actionability.",
2025-09-01T15:58:15+00:00,scenario_028_output_no03.txt,scenario_028_metrics_no03.json,4,4,4,4,4,4,"Lloyd's response is well-structured and provides a clear strategy for integrating seasonal cocktails with a chef-driven menu. It covers key areas such as culinary alignment, ingredient streamlining, and efficient operations. The implementation checklist is actionable and aligns with the overall goal. However, it could benefit from addressing guest feedback, cost analysis, and marketing integration, as noted in the 'What Lloyd Should Have Done' section. Additionally, the response should consider ",
2025-09-01T15:58:24+00:00,scenario_029_output_no03.txt,scenario_029_metrics_no03.json,3,4,3,3,3,3,"Lloyd's response is clear and provides a structured approach to optimizing bar setup and menu for speed. However, it lacks data-driven insights and staff feedback, which are crucial for practical implementation. The feasibility of some suggestions, like draft cocktails, may be limited by budget constraints. The response could benefit from prioritizing recommendations and ensuring alignment with brand identity. Additional considerations like customer flow analysis and sustainability practices are",
2025-09-01T15:58:33+00:00,scenario_030_output_no03.txt,scenario_030_metrics_no03.json,4,4,4,4,4,4,"Lloyd's response is well-structured and provides a clear, actionable plan for training staff in upselling techniques. The use of bullet points and sections enhances readability. However, the response could benefit from more specific venue context to tailor the approach and a stronger emphasis on customer sensitivity and diverse preferences. The suggestions in 'What Lloyd Should Have Done' are valuable but could be more concise and integrated into the main response.",
2025-09-01T15:58:41+00:00,scenario_031_output_no03.txt,scenario_031_metrics_no03.json,4,4,4,4,4,4,"Lloyd's response is well-structured and provides a comprehensive plan for optimizing bar operations with two bartenders. The use of sections and bullet points enhances clarity and readability. The suggestions are feasible and actionable, though the throughput target may need adjustment based on specific venue capabilities. The response aligns well with the prompt, but could benefit from including staff training and feedback mechanisms to ensure successful implementation and continuous improvemen",
2025-09-01T15:58:46+00:00,scenario_036_output_no03.txt,scenario_036_metrics_no03.json,4,4,4,4,4,4,"Lloyd's response is well-structured and provides actionable strategies for improving service at the pool bar. The suggestions are clear and feasible, focusing on menu simplification, operational adjustments, and an action checklist. However, the response could benefit from including staff training and customer feedback mechanisms, as well as addressing legal aspects of pre-batching cocktails. The tone is mostly professional, but consistency could be improved. Overall, the response aligns well wi",
2025-09-01T15:58:55+00:00,scenario_037_output_no03.txt,scenario_037_metrics_no03.json,4,4,4,4,4,4,"Lloyd's response is well-structured and provides a clear plan for a corporate holiday event. The menu design, batching strategy, and staffing flow are feasible and actionable. However, the response could benefit from addressing guest preferences and dietary restrictions. The suggestion to reduce the number of cocktail options and improve staff allocation is valid. The tone is mostly consistent, but operational notes could be more direct. Overall, the response aligns well with the event's goals b",
2025-09-01T15:59:03+00:00,scenario_038_output_no03.txt,scenario_038_metrics_no03.json,4,4,4,4,4,4,"Lloyd's response is well-structured and provides a clear plan for a winter-themed cocktail menu. The batching strategy is feasible and operational notes are practical. However, it could benefit from more detailed ingredient sourcing and allergen information. The suggestions for improvement are relevant and align with the initial response, but could be more concise.",
2025-09-01T15:59:08+00:00,scenario_045_output_no03.txt,scenario_045_metrics_no03.json,4,4,4,4,4,4,"Lloyd's response is well-structured and provides actionable steps for leveraging POS and inventory technology. It covers system integration, accuracy improvement, and forecasting enhancement effectively. However, it could benefit from addressing venue-specific customization, staff training, and customer feedback integration. The tone could be more engaging, and prioritization in the checklist could be clearer. Overall, it's a strong response with room for minor improvements.",
2025-09-01T15:59:15+00:00,scenario_051_output_no04.txt,scenario_051_metrics_no04.json,4,4,4,4,4,4,"Lloyd's response is well-structured and covers key aspects of designing a sustainable fall cocktail menu. It provides clear strategies and examples, making it actionable. However, it could benefit from a brief market analysis and customer feedback loop to enhance relevance and continuous improvement. The response maintains a good balance between sustainability, guest experience, and cost management, but could simplify ingredient lists to avoid complexity.",
2025-09-01T15:59:23+00:00,scenario_052_output_no04.txt,scenario_052_metrics_no04.json,4,4,4,4,4,4,"Lloyd's response is well-structured and covers key areas for compliance and operational readiness. It provides clear steps and an action checklist, making it actionable. However, it could benefit from more concise language and the inclusion of regulatory updates and supplier verification. The suggestion to consult an insurance advisor is appropriate, but more specific guidance on operational drills could improve feasibility. Overall, it aligns well with the client's needs but could be slightly r",
2025-09-01T15:59:29+00:00,scenario_053_output_no04.txt,scenario_053_metrics_no04.json,4,4,5,4,4,4,"Lloyd's response is well-structured and provides a detailed plan for optimizing poolside bar stations. The clarity is good, though it could benefit from simpler language and more bullet points for quick reference. The feasibility is high, as the suggestions are practical and actionable. The response aligns well with the goal of improving service efficiency, but could include more on guest experience and staff training. Overall, it's a strong response with room for minor improvements in clarity a",
2025-09-01T15:59:37+00:00,scenario_054_output_no04.txt,scenario_054_metrics_no04.json,4,4,5,4,4,4,"Lloyd's response is well-structured and provides feasible, actionable steps for integrating the new gin into the bar program. The clarity is good, though it could benefit from more concise bullet points. The alignment with distributor relationships and operational considerations is strong, but it could include more on guest engagement and feedback mechanisms. Overall, it's a solid response with room for minor improvements in clarity and guest interaction strategies.",
2025-09-01T15:59:43+00:00,scenario_055_output_no04.txt,scenario_055_metrics_no04.json,4,4,4,4,4,4,"Lloyd's response is well-structured and provides actionable strategies for waste reduction in a bar setting. The suggestions are clear and feasible, though they could benefit from more specific tailoring to different types of venues. The response aligns well with the goal of maintaining efficiency during peak hours. However, it could include more on monitoring the impact and addressing potential implementation barriers.",
2025-09-01T15:59:49+00:00,scenario_056_output_no03.txt,scenario_056_metrics_no03.json,3,3,4,3,3,2,"Lloyd's response provides practical strategies for improving cocktail program profitability, but lacks venue-specific context and prioritization. Ingredient suggestions may not align with brand positioning. The structure could be more prioritized, and the financial analysis needs clearer context. Actionable steps are present but could be more detailed. Overall, the response is feasible but needs refinement for clarity and alignment with venue goals.",
2025-09-01T15:59:57+00:00,scenario_057_output_no03.txt,scenario_057_metrics_no03.json,4,4,4,4,4,4,"Lloyd's response is well-structured and provides actionable strategies for reducing waste in bar operations. The use of bullet points enhances clarity, and the suggestions are feasible for implementation. However, the response could benefit from including data-driven insights and customer engagement strategies, as noted in the 'What Lloyd Should Have Done' section. Additionally, care should be taken not to overreach with supplier recommendations without understanding the venue's specific context",
2025-09-01T16:00:05+00:00,scenario_058_output_no03.txt,scenario_058_metrics_no03.json,4,4,4,4,4,4,"Lloyd's response is well-structured and covers essential compliance steps for launching a patio bar. It is clear and actionable, with a focus on licensing, signage, staff training, and operational checklists. However, it could benefit from including a weather contingency plan, noise considerations, and waste management guidelines. Simplifying the batching rules and incorporating digital tools for compliance could enhance feasibility and efficiency. Overall, the response aligns well with the prom",
2025-09-01T16:00:13+00:00,scenario_059_output_no03.txt,scenario_059_metrics_no03.json,4,4,4,4,4,4,"Lloyd's response is well-structured and covers key areas such as financial impact, supplier integration, and operational processes. It provides actionable steps and maintains a focus on aligning with Breakthru's portfolio. However, it could benefit from more emphasis on guest-centric strategies and data-driven decisions. The complexity of incentive tracking and staff training might be challenging for some venues, and the response could be more concise in certain areas.",
2025-09-01T16:00:22+00:00,scenario_060_output_no03.txt,scenario_060_metrics_no03.json,3,3,4,3,3,3,"Lloyd's response is generally feasible and provides a solid foundation for a pop-up bar service plan. However, it lacks clarity in some areas due to overly detailed descriptions, such as specific inch measurements, which may overwhelm the client. The structure could be improved with more concise bullet points and prioritization of tasks. Actionability is moderate, as the plan includes practical steps but misses elements like customer engagement and staff training. Alignment with client needs cou",
2025-09-01T16:00:34+00:00,scenario_061_output.txt,scenario_061_metrics.json,4,4,4,4,4,4,"Lloyd's response is well-structured and provides actionable strategies for reducing costs and waste in a cocktail program. The suggestions are feasible and cover a range of operational aspects. However, the response could benefit from addressing the environmental impact and customer perception more explicitly. Additionally, while the use of advanced techniques like agar clarification is mentioned, simpler alternatives for smaller venues could be highlighted. Overall, the response aligns well wit",
2025-09-01T16:00:40+00:00,scenario_062_output.txt,scenario_062_metrics.json,4,4,4,5,4,4,"The response is well-structured and provides a clear policy framework. It is feasible and actionable, though it could benefit from data-driven insights and a feedback mechanism. The alignment with sustainability and accessibility is good, but assumptions about guest preferences should be addressed more empathetically.",
2025-09-01T16:00:46+00:00,scenario_063_output.txt,scenario_063_metrics.json,3,3,3,3,3,3,"Lloyd's response provides a structured approach to optimizing bar service under limited power supply, but lacks specific contextualization for the venue type and customer preferences. The recommendations are generally feasible, though suggesting investments like battery packs may not align with all venue budgets. The structure is clear but could benefit from prioritizing quick wins. The action checklist is actionable but could be more concise. Overall, the response aligns with the prompt but cou",
2025-09-01T16:01:00+00:00,scenario_064_output.txt,scenario_064_metrics.json,4,4,4,5,4,4,"Lloyd's response is well-structured and provides a comprehensive training plan. It clearly outlines the session's components and offers actionable steps. However, it could benefit from more venue-specific context and consideration of staff experience levels. The suggestion to break down the session if it's too long is practical, but the response could include more interactive elements to enhance engagement.",
2025-09-01T16:01:11+00:00,scenario_065_output.txt,scenario_065_metrics.json,4,4,5,4,4,4,"Lloyd's response is well-structured and provides a comprehensive plan for optimizing a nightclub's bar layout. The use of bullet points and clear sections enhances readability. However, the response could benefit from more concise language and prioritization of key actions. The suggestions for staff training and feedback loops are valuable but could be integrated more seamlessly into the main response. Overall, the plan is feasible and aligns well with the goal of improving service efficiency.",
2025-09-01T16:28:30+00:00,scenario_026_output_no04.txt,scenario_026_metrics_no04.json,4,4,4,4,4,4,"Lloyd's response is well-structured and provides a clear, actionable plan to address the issue of inconsistent cocktails. The steps are feasible and align with the goal of improving guest experience and trust. However, the response could benefit from more emphasis on data collection and staff accountability, as noted in the 'What Lloyd Should Have Done' section. Additionally, while the tone is professional, it could incorporate more empathetic language to reassure guests.",
2025-09-01T16:28:38+00:00,scenario_027_output_no04.txt,scenario_027_metrics_no04.json,4,4,4,4,4,4,"Lloyd's response is well-structured and provides a clear plan for preparing a banquet with limited resources. The use of bullet points and sections enhances readability, and the action checklist is practical. However, the response could benefit from more specific venue context and guest preferences to tailor the plan further. Additionally, the suggestion for a 10-minute mock service may be unrealistic, and pre-dilution should be reconsidered based on venue policies. Overall, the response aligns ",
2025-09-01T16:28:47+00:00,scenario_028_output_no04.txt,scenario_028_metrics_no04.json,4,4,4,4,4,4,"Lloyd's response is well-structured and provides a clear strategy for integrating seasonal cocktails with a chef-driven menu. It includes actionable steps and a checklist for implementation. However, it could benefit from a stronger focus on guest experience and sustainability practices. Additionally, it should consider the varying resources of different venues and simplify complex techniques. The response aligns well with the prompt but could enhance engagement through a more narrative approach",
2025-09-01T16:28:56+00:00,scenario_029_output_no04.txt,scenario_029_metrics_no04.json,4,4,4,4,4,4,"Lloyd's response is well-structured and provides clear, actionable recommendations for optimizing bar setup and menu for speed during concerts. The response is feasible and aligns with the goal of improving service speed while maintaining profitability. However, it could benefit from including specific examples or case studies, addressing potential challenges, and tailoring recommendations to different venue types. Additionally, a more consultative tone and a brief introduction summarizing the v",
2025-09-01T16:29:03+00:00,scenario_030_output_no04.txt,scenario_030_metrics_no04.json,4,4,5,4,4,4,"Lloyd's response is well-structured and provides a feasible plan for training staff in upselling techniques. The clarity could be improved by addressing the specific context of the venue and tailoring the advice accordingly. The structure is mostly clear, but could benefit from more concise bullet points. The actionability is strong, with clear steps and incentives outlined. Alignment with the venue's needs could be enhanced by considering existing challenges and staff comfort levels.",
2025-09-01T16:29:09+00:00,scenario_031_output_no04.txt,scenario_031_metrics_no04.json,4,4,4,4,4,4,"Lloyd's response is well-structured and provides a comprehensive plan for optimizing bar operations with two bartenders. The use of sections and bullet points enhances clarity, though consistency in bullet point usage could be improved. The feasibility of the throughput target may need adjustment based on drink complexity, and the inclusion of staff training and feedback mechanisms would strengthen the plan. Overall, the response is actionable and aligns well with the goal of improving efficienc",
2025-09-01T16:29:18+00:00,scenario_036_output_no04.txt,scenario_036_metrics_no04.json,4,4,4,4,4,4,"Lloyd's response is well-structured and provides actionable strategies to address bottlenecks at a pool bar. The recommendations are clear and feasible, focusing on menu simplification, operational adjustments, and an action checklist. However, the response could benefit from more context-specific details and alternative solutions for venues without advanced equipment. The 'What Lloyd Should Have Done' section offers useful insights for improvement, emphasizing the need for contextual understand",
2025-09-01T16:29:25+00:00,scenario_037_output_no04.txt,scenario_037_metrics_no04.json,4,4,4,4,4,4,"Lloyd's response is well-structured and provides a clear plan for a corporate holiday event. The menu design, batching strategy, and staffing flow are feasible and actionable. However, the response could benefit from addressing guest preferences and dietary restrictions more explicitly. The suggestions for improvement in 'What Lloyd Should Have Done' are valid and enhance the overall plan. The use of bullet points and action-oriented language is effective, but consistency in format could be impr",
2025-09-01T16:29:32+00:00,scenario_038_output_no04.txt,scenario_038_metrics_no04.json,4,4,4,4,4,4,"Lloyd's response is well-structured and provides a clear plan for a winter-themed cocktail menu. It includes specific recipes, batching strategies, and operational notes, which are actionable and feasible. However, it lacks venue context and target audience details, which are crucial for tailoring the menu. The response could benefit from further simplification and consideration of flavor degradation in batching. Overall, it's a strong response with minor areas for improvement.",
2025-09-01T16:29:42+00:00,scenario_045_output_no04.txt,scenario_045_metrics_no04.json,4,4,4,4,4,4,"Lloyd's response is well-structured and provides actionable steps for leveraging POS and inventory technology. It clearly outlines system integration, accuracy improvement, and forecasting enhancement. However, it could benefit from more specific venue context and staff training considerations. The suggestion for predictive ordering is noted as potentially overreaching without historical data. Overall, the response is client-ready with minor improvements needed for full alignment with venue-spec",
2025-09-01T16:29:50+00:00,scenario_051_output_no05.txt,scenario_051_metrics_no05.json,4,4,4,4,4,4,"Lloyd's response is well-structured and provides actionable strategies for creating a sustainable and exciting fall cocktail menu. The use of bullet points and clear sections enhances clarity and readability. However, the response could benefit from more specific venue context and target audience details to tailor the recommendations further. Additionally, while the focus on sustainability and guest experience is strong, the response could include more on inventory management and supplier partne",
2025-09-01T16:29:57+00:00,scenario_052_output_no05.txt,scenario_052_metrics_no05.json,4,4,5,4,4,4,"Lloyd's response is well-structured and covers key compliance areas for a mobile bar service. It is clear and actionable, though it could benefit from more concise language and consistent use of bullet points. The addition of risk assessment and supplier verification would enhance the response. The suggestion to consult an insurance advisor is appropriate, but the response could be more concise overall. Alignment with the client's needs is good, but could be improved with more tailored advice.",
2025-09-01T16:30:05+00:00,scenario_053_output_no05.txt,scenario_053_metrics_no05.json,4,4,4,4,4,4,"Lloyd's response is well-structured and provides a clear, actionable plan for optimizing poolside bar stations. The use of sections and bullet points aids clarity and readability. The response is feasible and aligns with the goal of improving service efficiency. However, it could benefit from a stronger focus on guest experience and staff training, as well as simplifying some of the setup instructions to avoid overwhelming staff. The suggestion for a mock service drill is practical, but a more i",
2025-09-01T16:30:14+00:00,scenario_054_output_no05.txt,scenario_054_metrics_no05.json,4,4,4,4,4,4,"Lloyd's response is well-structured and provides actionable steps for integrating the new gin into the bar program. The suggestions are feasible and align with the goal of supporting distributor relationships while managing resources effectively. However, the response could benefit from more emphasis on guest engagement strategies and a clearer prioritization of actions to avoid overwhelming the venue. The tone is generally supportive, but could be slightly more precise to ensure clarity for all",
2025-09-01T16:30:19+00:00,scenario_055_output_no05.txt,scenario_055_metrics_no05.json,4,4,4,4,4,4,"Lloyd's response is well-structured and provides actionable strategies for waste reduction in a bar setting. The use of bullet points enhances clarity and readability. However, the response could benefit from more tailored examples based on venue type and a more concise presentation. The suggestions are feasible but may require adaptation for different venue capabilities. Overall, the response aligns well with the prompt's requirements but could improve with more specific context and scalability",
2025-09-01T16:30:28+00:00,scenario_056_output_no04.txt,scenario_056_metrics_no04.json,4,4,4,4,4,4,"Lloyd's response is well-structured and provides actionable strategies for improving cocktail program profitability. The suggestions are feasible and align with the goal of maintaining guest satisfaction. However, the response could benefit from more concise bullet points and a clearer prioritization of actions. Additionally, incorporating guest feedback mechanisms and addressing seasonal and sustainability considerations would enhance the response. The tone is generally appropriate, but acknowl",
2025-09-01T16:30:34+00:00,scenario_057_output_no04.txt,scenario_057_metrics_no04.json,4,4,4,4,4,4,"Lloyd's response is well-structured and provides actionable strategies for reducing waste in bar operations. The use of bullet points enhances clarity and readability. The suggestions are feasible and align with the goal of maintaining service speed while reducing waste. However, the response could be improved by including metrics for success, customer engagement strategies, and technology integration. Additionally, prioritizing the strategies by impact or ease of implementation would provide cl",
2025-09-01T16:30:42+00:00,scenario_058_output_no04.txt,scenario_058_metrics_no04.json,4,4,4,4,4,4,"Lloyd's response is well-structured and covers essential compliance steps for launching a patio bar. It is clear and actionable, with a focus on legal and operational aspects. However, it could benefit from addressing additional considerations like weather contingency and noise control, as noted in the 'What Lloyd Should Have Done' section. The response is mostly aligned with the venue's needs but could be more concise and prioritize steps more effectively.",
2025-09-01T16:30:50+00:00,scenario_059_output_no04.txt,scenario_059_metrics_no04.json,4,4,4,4,4,4,"Lloyd's response is well-structured and provides a comprehensive plan for integrating Breakthru's portfolio into a cocktail program. The response is clear and actionable, with specific strategies for financial impact, supplier integration, operational processes, staff training, and guest perception. However, it could benefit from more detailed examples and a clearer understanding of the venue context to ensure alignment with the venue's brand identity and operational capacity. The suggestions in",
2025-09-01T16:30:58+00:00,scenario_060_output_no04.txt,scenario_060_metrics_no04.json,4,4,5,4,4,4,"Lloyd's response is well-structured and feasible, providing a detailed plan for efficient pop-up bar operations. Clarity is good, though some sections could be more concise. The plan is actionable but could benefit from more focus on customer experience and sustainability. Alignment with modern values and flexibility in guidelines would enhance the response.",
2025-09-01T16:31:04+00:00,scenario_061_output_no01.txt,scenario_061_metrics_no01.json,3,3,3,3,3,3,"Lloyd's response provides a range of strategies to reduce costs and waste in a cocktail program, but lacks some clarity and feasibility for smaller venues. The structure is generally clear, but could benefit from more directive language and consideration of venue size. The response aligns with the goal of cost and waste reduction, but misses addressing sustainability and customer perception. Overall, it's a solid response but could be improved with more tailored and actionable advice.",
2025-09-01T16:31:11+00:00,scenario_062_output_no01.txt,scenario_062_metrics_no01.json,4,4,5,4,4,5,"Lloyd's response is well-structured and aligns with sustainability and accessibility goals. It is feasible and actionable, though it could benefit from more data-driven insights and a feedback mechanism. Clarity is good, but could be improved with more concise language and consistent messaging.",
2025-09-01T16:31:19+00:00,scenario_063_output_no01.txt,scenario_063_metrics_no01.json,3,3,3,3,3,3,"Lloyd's response provides a structured approach to optimizing bar service under limited power supply, but lacks specific contextual understanding of the venue. Recommendations are generally feasible but could benefit from a cost-benefit analysis, especially regarding portable battery packs. The response is clear but could be improved with more precise bullet points and prioritization of actions. Additional elements like a communication plan and supplier coordination are missing, which would enha",
2025-09-01T16:31:27+00:00,scenario_064_output_no01.txt,scenario_064_metrics_no01.json,4,4,5,4,4,5,"Lloyd's response is well-structured and aligns with brand goals, providing a feasible training plan. Clarity could be improved by specifying the venue context and audience. The structure is logical, but the summary checklist could be more concise. Actionability is strong, though more interactive elements could enhance engagement.",
2025-09-01T16:31:33+00:00,scenario_065_output_no01.txt,scenario_065_metrics_no01.json,4,4,4,4,4,4,"Lloyd's response is well-structured and provides a clear, actionable plan for optimizing a nightclub's layout. The use of bullet points enhances clarity, and the suggestions are feasible for implementation. However, the response could benefit from addressing potential challenges and including a section on staff training. The alignment with venue-specific needs could be improved by considering space constraints and existing workflows.",
2025-09-01T16:31:52+00:00,scenario_066_output.txt,scenario_066_metrics.json,4,4,4,4,4,4,"Lloyd's response is well-structured and provides a clear strategy for a cocktail menu, balancing classic and innovative elements. It includes practical considerations like batching and staff training. However, it lacks specific venue context and pricing strategy, which are crucial for alignment with the gastropub's identity and customer base. The response could benefit from more concise bullet points for quick staff reference and a stronger emphasis on customer feedback integration.",
2025-09-01T16:32:02+00:00,scenario_067_output.txt,scenario_067_metrics.json,3,3,3,3,3,3,"The response provides a good starting point for waste reduction in a cocktail program, but lacks specific context and may not be feasible for all venues. The structure is clear but could benefit from more concise and prioritized recommendations. Actionability is moderate, as some suggestions require complex systems that may not be suitable for all venues. Alignment with potential venue needs is average due to the lack of specific context.",
2025-09-01T16:32:12+00:00,scenario_068_output.txt,scenario_068_metrics.json,4,4,5,4,4,4,"Lloyd's response is well-structured and provides a comprehensive plan for managing a festival bar setup. The plan is feasible and actionable, with clear roles and responsibilities. However, it could benefit from more concise language and prioritization of tasks. The feedback section highlights important areas for improvement, such as guest flow management and health compliance, which are crucial for alignment with event needs.",
2025-09-01T16:32:20+00:00,scenario_069_output.txt,scenario_069_metrics.json,4,4,4,4,4,4,"Lloyd's response is well-structured and provides a clear strategy for designing a seasonal menu. It effectively balances creative integrity with portfolio alignment. The response could benefit from more specific venue context and a section on cost management. Additionally, the focus on distributor alignment should not overshadow guest preferences. Overall, the response is actionable and aligns with the prompt's requirements.",
2025-09-01T16:32:30+00:00,scenario_070_output.txt,scenario_070_metrics.json,4,4,4,4,4,4,"Lloyd's response is well-structured and provides a clear, actionable plan for optimizing a nightclub's back bar layout. The use of sections and bullet points enhances readability. However, the response could benefit from more specific venue context and consideration of technology integration and safety protocols. The suggestions for improvement in 'What Lloyd Should Have Done' are valid and would enhance the overall plan's adaptability and comprehensiveness.",
